"Name","Id","RAM_MB","Private_MB","CPU_s","Path"
"explorer","10492","337,4","203,7","89,1","C:\WINDOWS\Explorer.EXE"
"avp","5584","309","312","255,6",
"browser","13508","290","132,9","4,7","C:\Program Files (x86)\Yandex\YandexBrowser\Application\browser.exe"
"browser","19408","253,3","228,5","2,1","C:\Program Files (x86)\Yandex\YandexBrowser\Application\browser.exe"
"ShareX","10600","247,7","176,6","10,7","C:\Program Files\ShareX\ShareX.exe"
"LM Studio","20896","234","218,6","14,2","C:\Program Files\LM Studio\LM Studio.exe"
"TextInputHost","16536","220,8","119,6","11,2","C:\WINDOWS\SystemApps\MicrosoftWindows.Client.CBS_cw5n1h2txyewy\TextInputHost.exe"
"browser","4156","205,2","121,6","2,8","C:\Program Files (x86)\Yandex\YandexBrowser\Application\browser.exe"
"PhoneExperienceHost","17824","182,9","58,2","7","C:\Program Files\WindowsApps\Microsoft.YourPhone_1.26072.255.0_x64__8wekyb3d8bbwe\PhoneExperienceHost.exe"
"StartMenuExperienceHost","14108","180,7","87","10,7","C:\WINDOWS\SystemApps\Microsoft.Windows.StartMenuExperienceHost_cw5n1h2txyewy\StartMenuExperienceHost.exe"
"Taskmgr","7264","176,3","96,2","16,4","C:\WINDOWS\system32\taskmgr.exe"
"TabTip","16932","173,5","125,4","2,8","C:\Program Files\Common Files\microsoft shared\ink\TabTip.exe"
"dwm","1764","157,7","126,4","91,6","C:\WINDOWS\system32\dwm.exe"
"msedgewebview2","8784","154","137,6","0,6","C:\Program Files (x86)\Microsoft\EdgeWebView\Application\154.0.4258.62\msedgewebview2.exe"
"HwMdcCenter","8312","150,7","87,7","62,2","C:\Program Files\Huawei\PCManager\HwMdcCenter.exe"
"mpc-be64","14740","144,5","158,5","44,5","C:\Program Files\MPC-BE\mpc-be64.exe"
"SearchHost","14096","142,1","46,7","3,8","C:\WINDOWS\SystemApps\MicrosoftWindows.Client.CBS_cw5n1h2txyewy\SearchHost.exe"
"msedgewebview2","11748","118,3","39,4","1,1","C:\Program Files (x86)\Microsoft\EdgeWebView\Application\154.0.4258.62\msedgewebview2.exe"
"browser","12936","113,2","51,8","0,8","C:\Program Files (x86)\Yandex\YandexBrowser\Application\browser.exe"
"WindowsTerminal","17568","112,5","48,7","6","C:\Program Files\WindowsApps\Microsoft.WindowsTerminal_1.24.12741.0_x64__8wekyb3d8bbwe\WindowsTerminal.exe"
"powershell","19040","108,5","83,2","5,5","C:\WINDOWS\System32\WindowsPowerShell\v1.0\powershell.exe"
"msedgewebview2","5692","106,3","33,5","0,9","C:\Program Files (x86)\Microsoft\EdgeWebView\Application\154.0.4258.62\msedgewebview2.exe"
"Memory Compression","3712","96","0,4","9,2",
"ms-teams","10336","94,9","51,1","0,7","C:\Program Files\WindowsApps\MSTeams_26246.1604.5133.838_x64__8wekyb3d8bbwe\ms-teams.exe"
"msedgewebview2","7996","90,4","76,3","0,4","C:\Program Files (x86)\Microsoft\EdgeWebView\Application\154.0.4258.62\msedgewebview2.exe"
"ShellExperienceHost","20952","85","24,9","1,3","C:\WINDOWS\SystemApps\ShellExperienceHost_cw5n1h2txyewy\ShellExperienceHost.exe"
"LM Studio","13744","83,8","49,6","0,8","C:\Program Files\LM Studio\LM Studio.exe"
"msedgewebview2","4432","82,3","61,4","0,4","C:\Program Files (x86)\Microsoft\EdgeWebView\Application\154.0.4258.62\msedgewebview2.exe"
"HwMdcUI","13308","80,8","81,9","1,3","C:\Program Files\Huawei\PCManager\HwMdcUI.exe"
"SenaryAudioApp.Svc","5976","80,6","59,5","2,4","C:\WINDOWS\System32\DriverStore\FileRepository\audioservice.inf_amd64_35f55cba5ee44f1e\SenaryAudioApp.Svc.exe"
"browser","13512","74,7","24,4","0,2","C:\Program Files (x86)\Yandex\YandexBrowser\Application\browser.exe"
"browser","11244","72,3","28,5","0,2","C:\Program Files (x86)\Yandex\YandexBrowser\Application\browser.exe"
"LM Studio","8540","69,3","52,1","0,2","C:\Program Files\LM Studio\LM Studio.exe"
"browser","9796","68,2","31,2","0,5","C:\Program Files (x86)\Yandex\YandexBrowser\Application\browser.exe"
"svchost","5392","67,7","28,2","5,8","C:\WINDOWS\System32\svchost.exe"
"SenaryAudioApp","15868","67,1","48","1,5","C:\Program Files\WindowsApps\SenaryTechnologyLimited.SenarySmartAudio_2.25.0.0_x64__dqz7eftfn33jw\SenaryAudioApp.exe"
"YandexDisk2","7836","65,6","29,5","1,9","C:\Users\Виталий\AppData\Roaming\Yandex\YandexDisk2\3.2.51.5198\YandexDisk2.exe"
"CrossDeviceResume","9704","65,3","20,3","0,5","C:\WINDOWS\SystemApps\MicrosoftWindows.Client.CBS_cw5n1h2txyewy\CrossDeviceResume.exe"
"Secure System","140","63,2","0,2","0",
"ShellHost","10688","59,3","19,8","0,3","C:\Windows\System32\ShellHost.exe"
"OneApp.IGCC.WinService","5568","58,9","37,2","1,5","C:\WINDOWS\System32\DriverStore\FileRepository\igcc_dch.inf_amd64_401fde8782680631\OneApp.IGCC.WinService.exe"
"HiviewService","5320","56,7","22,2","19,5","C:\Program Files\Huawei\Hiview\HiviewService.exe"
"audiodg","3508","56","43,9","31","C:\WINDOWS\system32\AUDIODG.EXE"
"IntelAudioService","5608","52,2","43,3","1,5","C:\WINDOWS\System32\DriverStore\FileRepository\intcoed.inf_amd64_dd6a7ef14d856351\AS\IAS\IntelAudioService.exe"
"sihost","8044","51,8","8,3","3,3","C:\WINDOWS\system32\sihost.exe"
"browser","4520","51,2","19,5","0,9","C:\Program Files (x86)\Yandex\YandexBrowser\Application\browser.exe"
"HMSCoreNotice","11016","50,5","21,8","0,4","C:\Program Files\Huawei\HMS Core\HMSCoreNotice.exe"
"Registry","184","50,3","9","0,7",
"LM Studio","12204","50","12,8","0,1","C:\Program Files\LM Studio\LM Studio.exe"
"RuntimeBroker","14324","47,7","7,5","0,8","C:\Windows\System32\RuntimeBroker.exe"
"msedgewebview2","13572","46,8","19,3","0,2","C:\Program Files (x86)\Microsoft\EdgeWebView\Application\154.0.4258.62\msedgewebview2.exe"
"LCD_Service","5672","44,9","26","0,5","C:\Program Files\Huawei\HwLcdEnhancement\LCD_Service.exe"
"HMSCoreContainer","6348","44,4","16,5","1,2","C:\Program Files\Huawei\HMS Core\HMSCoreContainer.exe"
"svchost","12164","43,5","8,6","1,9","C:\WINDOWS\system32\svchost.exe"
"DFSSearchService","5424","43,5","23,6","0,4","C:\Program Files\Huawei\PCManager\DFSSearchService.exe"
"svchost","8752","43,4","8,9","13,8","C:\WINDOWS\system32\svchost.exe"
"msedgewebview2","12816","42,5","14,6","0,3","C:\Program Files (x86)\Microsoft\EdgeWebView\Application\154.0.4258.62\msedgewebview2.exe"
"browser","19380","42","20","0,2","C:\Program Files (x86)\Yandex\YandexBrowser\Application\browser.exe"
"svchost","1404","41,8","12,1","4,1","C:\WINDOWS\system32\svchost.exe"
"BasicService","5504","41,8","12,1","5,9","C:\Program Files\Huawei\BasicService\BasicService.exe"
